"codigo","estado","http","plataforma","id_video","url","detalle"
"webi-001","BROKEN","404","youtube","QnzDZphv-vg","https://www.youtube.com/watch?v=QnzDZphv-vg","Eliminado o privado en la plataforma"
"webi-002","BROKEN","404","youtube","5iWJzRZeP0Q","https://www.youtube.com/watch?v=5iWJzRZeP0Q","Eliminado o privado en la plataforma"
"webi-003","BROKEN","404","youtube","x9-kCTOIqQs","https://www.youtube.com/watch?v=x9-kCTOIqQs","Eliminado o privado en la plataforma"
"webi-004","BROKEN","404","youtube","OJlQXw8bG1Y","https://www.youtube.com/watch?v=OJlQXw8bG1Y&t=170s","Eliminado o privado en la plataforma"
"webi-005","BROKEN","404","youtube","v_EQXESdHk4","https://www.youtube.com/watch?v=v_EQXESdHk4&t=171s","Eliminado o privado en la plataforma"
"webi-006","BROKEN","404","youtube","k3sg2Td1uzs","https://www.youtube.com/watch?v=k3sg2Td1uzs&t=338s","Eliminado o privado en la plataforma"
"webi-007","BROKEN","404","youtube","iMgERORfkiA","https://www.youtube.com/watch?v=iMgERORfkiA","Eliminado o privado en la plataforma"
"webi-008","BROKEN","404","youtube","YFPT04Q0SBg","https://www.youtube.com/watch?v=YFPT04Q0SBg&t=20s","Eliminado o privado en la plataforma"
"webi-009","BROKEN","404","youtube","3GKdg-jBizo","https://www.youtube.com/watch?v=3GKdg-jBizo&t=14s","Eliminado o privado en la plataforma"
"webi-010","BROKEN","404","youtube","YxhO_kW_byc","https://www.youtube.com/watch?v=YxhO_kW_byc&t=5s","Eliminado o privado en la plataforma"
"webi-011","BROKEN","404","youtube","j-qOOaXW0KA","https://www.youtube.com/watch?v=j-qOOaXW0KA&t=994s","Eliminado o privado en la plataforma"
"webi-012","BROKEN","404","youtube","TkJVpaSiJIY","https://www.youtube.com/watch?v=TkJVpaSiJIY","Eliminado o privado en la plataforma"
"webi-013","BROKEN","404","youtube","Nv2JGXQps58","https://www.youtube.com/watch?v=Nv2JGXQps58","Eliminado o privado en la plataforma"
"webi-014","BROKEN","404","youtube","2ANWnPsjsKA","https://www.youtube.com/watch?v=2ANWnPsjsKA","Eliminado o privado en la plataforma"
"webi-015","BROKEN","404","youtube","rG0rW4_r-Rs","https://www.youtube.com/watch?v=rG0rW4_r-Rs","Eliminado o privado en la plataforma"
"webi-016","BROKEN","404","youtube","m1ICG5TJxKI","https://www.youtube.com/watch?v=m1ICG5TJxKI","Eliminado o privado en la plataforma"
"webi-017","BROKEN","404","youtube","Aff6XosvCus","https://www.youtube.com/watch?v=Aff6XosvCus&t=252s","Eliminado o privado en la plataforma"
"webi-018","BROKEN","404","youtube","lXQMACPsWrU","https://www.youtube.com/watch?v=lXQMACPsWrU","Eliminado o privado en la plataforma"
"webi-019","BROKEN","404","youtube","6Id5TNIuS1A","https://www.youtube.com/watch?v=6Id5TNIuS1A","Eliminado o privado en la plataforma"
"webi-020","BROKEN","404","youtube","XUBwul3yFN4","https://www.youtube.com/watch?v=XUBwul3yFN4","Eliminado o privado en la plataforma"
"webi-021","BROKEN","404","youtube","AmjNjy-Pdnk","https://www.youtube.com/watch?v=AmjNjy-Pdnk","Eliminado o privado en la plataforma"
"webi-022","BROKEN","404","youtube","ueMtjYOn6TQ","https://www.youtube.com/watch?v=ueMtjYOn6TQ","Eliminado o privado en la plataforma"
"webi-023","BROKEN","404","youtube","B3X4tWk-4oU","https://www.youtube.com/watch?v=B3X4tWk-4oU","Eliminado o privado en la plataforma"
"webi-024","BROKEN","404","youtube","zeUs76hehZs","https://www.youtube.com/watch?v=zeUs76hehZs","Eliminado o privado en la plataforma"
"webi-025","BROKEN","404","youtube","aUhPxnE0xUE","https://www.youtube.com/watch?v=aUhPxnE0xUE","Eliminado o privado en la plataforma"
"webi-026","BROKEN","404","youtube","ruBsWCfFGPA","https://www.youtube.com/watch?v=ruBsWCfFGPA","Eliminado o privado en la plataforma"
"webi-027","BROKEN","404","youtube","-JzMdGn4ASQ","https://www.youtube.com/watch?v=-JzMdGn4ASQ","Eliminado o privado en la plataforma"
"webi-028","BROKEN","404","youtube","-76ocvHBGxQ","https://www.youtube.com/watch?v=-76ocvHBGxQ","Eliminado o privado en la plataforma"
"webi-029","BROKEN","404","youtube","7SeIOwgMwRQ","https://www.youtube.com/watch?v=7SeIOwgMwRQ","Eliminado o privado en la plataforma"
"webi-030","BROKEN","404","youtube","3NAUXod8EHE","https://youtu.be/3NAUXod8EHE","Eliminado o privado en la plataforma"
"webi-031","BROKEN","404","youtube","LTmc9zLtve0","https://youtu.be/LTmc9zLtve0","Eliminado o privado en la plataforma"
"webi-032","BROKEN","404","youtube","Dmp8Id2p1x4","https://youtu.be/Dmp8Id2p1x4","Eliminado o privado en la plataforma"
"webi-033","BROKEN","404","youtube","rnTlmd5gdCg","https://youtu.be/rnTlmd5gdCg","Eliminado o privado en la plataforma"
"webi-034","BROKEN","404","youtube","RFyvYZaX9qc","https://youtu.be/RFyvYZaX9qc","Eliminado o privado en la plataforma"
"webi-035","BROKEN","404","youtube","ndNnpQaMDg4","https://youtu.be/ndNnpQaMDg4","Eliminado o privado en la plataforma"
"webi-036","BROKEN","404","youtube","Zx412n_ybvc","https://youtu.be/Zx412n_ybvc","Eliminado o privado en la plataforma"
"webi-037","BROKEN","404","youtube","spyKy_uTPV0","https://youtu.be/spyKy_uTPV0","Eliminado o privado en la plataforma"
"webi-038","BROKEN","404","youtube","Fr6UMkpGQcc","https://youtu.be/Fr6UMkpGQcc","Eliminado o privado en la plataforma"
"webi-039","BROKEN","404","youtube","FkSY-jsP8zk","https://youtu.be/FkSY-jsP8zk","Eliminado o privado en la plataforma"
"webi-040","BROKEN","404","youtube","ADkvrBMXLFI","https://youtu.be/ADkvrBMXLFI","Eliminado o privado en la plataforma"
"webi-041","BROKEN","404","youtube","FufMlZyeVIk","https://youtu.be/FufMlZyeVIk","Eliminado o privado en la plataforma"
"webi-042","BROKEN","404","youtube","GKl2mIht0bk","https://youtu.be/GKl2mIht0bk","Eliminado o privado en la plataforma"
"webi-043","BROKEN","404","youtube","74GlG292kcE","https://youtu.be/74GlG292kcE","Eliminado o privado en la plataforma"
"webi-044","BROKEN","404","youtube","-J4ksAUYTXU","https://youtu.be/-J4ksAUYTXU","Eliminado o privado en la plataforma"
"webi-045","BROKEN","404","youtube","4RMXQeN4VDU","https://youtu.be/4RMXQeN4VDU","Eliminado o privado en la plataforma"
"webi-046","BROKEN","404","youtube","c4cLzWkxsvg","https://youtu.be/c4cLzWkxsvg","Eliminado o privado en la plataforma"
"webi-047","BROKEN","404","youtube","e2j7kLzALsA","https://youtu.be/e2j7kLzALsA","Eliminado o privado en la plataforma"
"webi-048","BROKEN","404","youtube","BYnDwFnKWb4","https://youtu.be/BYnDwFnKWb4","Eliminado o privado en la plataforma"
"webi-049","BROKEN","404","youtube","Nvn7JzMmj1w","https://youtu.be/Nvn7JzMmj1w","Eliminado o privado en la plataforma"
"webi-050","BROKEN","404","youtube","CtcJwaJRU0s","https://youtu.be/CtcJwaJRU0s","Eliminado o privado en la plataforma"
"webi-051","BROKEN","404","youtube","UBRE3-XaK64","https://youtu.be/UBRE3-XaK64","Eliminado o privado en la plataforma"
"webi-052","BROKEN","404","youtube","JgyHDryvKMU","https://youtu.be/JgyHDryvKMU","Eliminado o privado en la plataforma"
"webi-053","BROKEN","404","youtube","INJlI9Uq2No","https://youtu.be/INJlI9Uq2No","Eliminado o privado en la plataforma"
"webi-054","BROKEN","404","youtube","ylErC4bmkqQ","https://youtu.be/ylErC4bmkqQ","Eliminado o privado en la plataforma"
"webi-055","BROKEN","404","youtube","atav4y6Ft7A","https://youtu.be/atav4y6Ft7A","Eliminado o privado en la plataforma"
"webi-056","BROKEN","404","youtube","Ios7t2Gt_cM","https://youtu.be/Ios7t2Gt_cM","Eliminado o privado en la plataforma"
"webi-057","BROKEN","404","youtube","LFr4PcCxsZg","https://youtu.be/LFr4PcCxsZg","Eliminado o privado en la plataforma"
"webi-058","BROKEN","404","youtube","Q1-2kHnM2Us","https://youtu.be/Q1-2kHnM2Us","Eliminado o privado en la plataforma"
"webi-059","BROKEN","404","youtube","fg1VW_9QgjM","https://youtu.be/fg1VW_9QgjM","Eliminado o privado en la plataforma"
"webi-060","OK","200","vimeo","830018415","https://vimeo.com/830018415?share=copy","Título: WEBINAR_PRINCIPALES PLAGAS EN EL CULTIVO DEL PALTO"
"webi-061","OK","200","vimeo","831339851","https://vimeo.com/831339851?share=copy","Título: webinar  IMPORTANCIA DE LA CERTIFICACIÓN Y CUÁL ES EL PROCESO                   "
"webi-062","OK","200","youtube","DEiS3JPs3K0","https://youtu.be/DEiS3JPs3K0","Título: SEDIR: PERSPECTIVAS PARA LA CAMPAÑA DE MANGO 2023 - 2024"
"webi-063","OK","200","youtube","l9lRJr8RQ9Q","https://youtu.be/l9lRJr8RQ9Q","Título: Sedir:  Cultivo de Palto - Ing Jhonatan Salinas"
"webi-064","OK","200","youtube","-S9M3AYLnd4","https://youtu.be/-S9M3AYLnd4","Título: Sedir: FENÓMENO EL NIÑO CÓMO AFECTARÁ A LA AGRICULTURA- 15 NOV"